{
	"folders": {
		"collision": ["obj_solid", "obj_slope", "obj_platform", "obj_ladder", "obj_grindrail", "obj_grindrailslope", "obj_monstersolid", "obj_monsterslope",
			"obj_iceblock", "obj_iceblockslope", "obj_mach3solid"
		],
		"block": [
			"obj_metalblock", "obj_secretbigblock", "obj_secretblock", "obj_secretmetalblock", "obj_tiledestroy", "obj_destroyable", "obj_destroyable3", "obj_onewaybigblock", 
			"obj_destroyable2", "obj_destroyable2_big", "obj_ratblock", "obj_ratblock1x1", "obj_rattumble_big", "obj_rattumble",  "obj_iceblock_breakable", "obj_spike",
			"obj_minipillar", "obj_reverseminipillar", "obj_destructibleplatform", "obj_rockblock", "obj_destructiblerockblock", "obj_tntblock",
			"obj_ghostblock", "obj_ghostwall", "obj_spaceblock", "obj_reversespaceblock", "obj_shotgunblock", "obj_bigforestblock", "obj_smallforestblock",
			"obj_cutoff", "obj_cutoffsmall", "obj_deadjohn1", "obj_deadjohn2", "obj_deadjohn3", "obj_tutorialblock",
			"obj_destroyable_escape", "obj_destroyable3_escape", "obj_destroyable2_escape", "obj_destroyable2_big_escape","obj_johndestructible", "obj_marbleblock"
		],

		"enemy": [
			"obj_pizzaboy", "obj_cheeseslime", "obj_forknight", "obj_swedishmonkey", "obj_minijohn",
			"obj_pepgoblin", "obj_pizzagoblin", "obj_ancho", "obj_fencer",
			"obj_indiancheese", "obj_kentukykenny", "obj_kentukylenny", "obj_clerk", "obj_banditochicken",
			"obj_ghoul",
			"obj_farmerbaddie", "obj_farmerbaddie2", "obj_farmerbaddie3", "obj_electricpotato",
			"obj_rancher", "obj_badrat",
			"obj_coolpineapple", "obj_spitcheese", "obj_canongoblin", "obj_treasureguy", "obj_autocanon",
			"obj_noisegoblin", "obj_pickle", "obj_pizzard",
			"obj_miniufo", "obj_miniufo_grounded",
			"obj_golfdemon", "obj_golfburger", "obj_bigcheese",			
			"obj_smokingpizzaslice", "obj_hamkuff", "obj_thug_red", "obj_thug_blue", "obj_thug_green",
			"obj_robot", "obj_cheeserobot", "obj_sausageman", "obj_weenie", "obj_sausageeyes",
			"obj_ninja",
			"obj_snowman", "obj_pizzice", "obj_fakesanta",
			"obj_ghostknight", "obj_pepbat", "obj_clownmato",
			"obj_robotmonster", "obj_blobmonster", "obj_puppetmonster", "obj_hillbillymonster", "obj_pineapplemonster",
			"obj_patroller", "obj_camerapatrol", "obj_piraneapple",
			"obj_soldier", "obj_bazookabaddie", "obj_tank", "obj_kentukybomber", "obj_peppinoclone",
			"obj_weeniesquire", "obj_motodude", "obj_grandpa", "obj_car", "obj_fakepeppino",
			"obj_baddiespawner", "obj_baddiecameraspawner", "obj_agressivebaddiespawner",
			"obj_peppermanartdude", "obj_johnecheese", "obj_noisey"

		],

		"collect": ["obj_collect", "obj_escapecollect", "obj_bigcollect", "obj_escapecollectbig", "obj_pizzaboxunopen", "obj_treasure", "obj_key", "obj_pizzasona_spawn", "obj_beer", "obj_bigbeer", "obj_flush",
			"obj_pizzaslice", "obj_giantcollect", "obj_deliverypizzabox", "obj_gnomehouse1", "obj_gnomehouse2", "obj_gnomehouse3", "obj_gnomehouse4", "obj_gnomehouse5"
		],
		"gizmo": [
			"obj_ratblock", "obj_baddiespawner", "obj_baddiecameraspawner", "obj_agressivebaddiespawner",
			"obj_dashpad", "obj_pizzagoblinbomb",
			"obj_pizzacutter1", "obj_pizzacutter2", "obj_boilingsauce",
			"obj_donkey", "obj_totemcloud", "obj_totem",
			"obj_gravesurfing", "obj_ghostfollow",
			"obj_timedgate", "obj_timedgateclock", "obj_ventilator",
			"obj_ladderhorizontal", "obj_hookup", "obj_morthook",
			"obj_mushroom",
			"obj_water", "obj_current", "obj_frontcanongoblin_trigger", "obj_frontcanoncrosshair",
			"obj_rocket", "obj_asteroid", "obj_antigrav", "obj_spaceblockswitch", "obj_teleporter", "obj_teleporter_receptor",
			"obj_pinballlauncher",
			"obj_ramp", "obj_balloongrabbable",
			"obj_grabbiehand", "obj_superspring", "obj_railh2", "obj_railh", "obj_movingspike", "obj_conveyorspawner", "obj_conveyordespawner",
			"obj_trash", "obj_stringycheese", "obj_sidesuperspring", "obj_slipnslide",
			"obj_pizzapepper", "obj_instanttemp",
			"obj_movingplatform", "obj_moving_vstop", "obj_moving_hstop", "obj_trapghost", "obj_knighttrap", "obj_pinballtrap", "obj_tvtrap", "obj_anchortrap",
			"obj_monstergate", "obj_stickycheese", "obj_pineapplemonsterzone",
			"obj_nuketerminal", "obj_gustavo_war", "obj_mine",
			"obj_haystack", "obj_fakesuperspring", "obj_balloon", "obj_tutorialtargetblock", "obj_tutorialtarget",
			"obj_fallingplatform", "obj_bounceplank"
		],
		"warp": [
			"obj_hallway", "obj_verticalhallway", "obj_boxofpizza", "obj_door", "obj_geromedoor", "obj_keydoor",
			"obj_warp_number", "obj_doorA", "obj_doorB", "obj_doorC", "obj_doorD", "obj_doorE", "obj_doorF", "obj_doorG",
			"obj_secretportal", "obj_secretportalstart", "obj_lapportal", "obj_lapportalentrance", "obj_doorblocked"
		],
		"progress": ["obj_exitgate", "obj_hungrypillar", "obj_gerome", "obj_geromedoor", "obj_treasure", "obj_secretportal", "obj_secretportalstart", "obj_checkpoint", "obj_exitgustavo", "obj_gustavo_kidsparty", "obj_lapportal", "obj_lapportalentrance",
			"obj_pizzakinshroom", "obj_pizzakincheese", "obj_pizzakintomato", "obj_pizzakinsausage", "obj_pizzakinpineapple", "obj_PTG",
			"obj_pizzaboxunopen", "obj_startgate", "obj_startgate_treasure", "obj_tutorialbook", "obj_palettedresser"
		],
		"power": [
			"obj_swordstone", "obj_kentukykenny", "obj_ghosthazard", "obj_ghostdashpad", "obj_weeniemount", "obj_boxcrusher",
			"obj_cheeseballspawner", "obj_cheeseball", "obj_invtrash", "obj_cheesemaker", "obj_cheeserobot", "obj_barrel", "obj_shotgun", "obj_metaldetector", "obj_well", "obj_noisejetpack", "obj_freemilk",
			"obj_crosspriest", "obj_priest", "obj_priesthazard", "obj_peppinoswitch", "obj_gustavoswitch", "obj_skateboard", "obj_pistolpickup", "obj_characterswitch"
		],
		"complex": ["obj_tubeenter", "obj_tubeleft", "obj_tuberight", "obj_tubedown", "obj_tubeup", "obj_tubeexitmach",
			"obj_tubeexitdownexit", "obj_tubeexitSjump", "obj_pizzaball", "obj_pizzaballblock", "obj_magnet", "obj_golfhoop", "obj_ballgoal", "obj_horseyblock", "obj_horsey", "obj_horseyleft", "obj_horseyright", "obj_horseydown", "obj_horseyup", "obj_racestart", "obj_raceend"
		],
		"other": ["obj_sprite", "obj_mortblock", "obj_siren", "obj_tinyslimedude", "obj_ratprop", "obj_beedeco", "obj_ufoexterior", "obj_snotty", "obj_pigcitizen", "obj_grandma",
			"obj_gustavograbbable",
			"obj_sandparticle", "obj_snowparticle", "obj_beachsandparticle", "obj_nosand", "obj_planetparticle", "obj_poodebris", "obj_burd", "obj_pineappleprojectilespawn", "obj_targetguy",
			"obj_pigdark", "obj_pizzaface", "obj_mainmenu_jumpscare", "obj_jumpscare", "obj_kidspartybg", "obj_noiseballooncrash", "obj_treasureshadow", 
			"obj_noisefollower", "obj_stickfollower", "obj_gustavofollower", "obj_vigilantefollower", "obj_mortfollowerexit", "obj_fakepepfollower", "obj_peppermanfollower", "obj_snottyexit", "obj_geromeexit", "obj_pepanimatronicfollow", "obj_alienfollow",
			"obj_exitdoorsign", "obj_exitdoorsignground", "obj_goalsign", "obj_easy", "obj_hard", "obj_leveltitles",  "obj_grabmarker", "obj_pillarentrance", "obj_baddiegibsstick",
			"obj_pizzaface_thunder", "obj_pizzafacefallout", "obj_getingetin", "obj_rubble", "obj_lap2visual", "obj_bubbles", "obj_uparrow"
		],
		"hub":[
			"obj_startgate", "obj_startgate_treasure", "obj_tutorialbook", "obj_palettedresser", 
			"obj_soundtest_prev", "obj_soundtest_pause", "obj_soundtest_next", "obj_king", "obj_soundtest",
			"obj_soundtest_gus", "obj_gusbrickfightball", "obj_gusbrickchase", "obj_gusbrickhurt", "obj_gusbrickhub", "obj_gusbrickpoker",
			"obj_cheesedragontower", "obj_meatballtower", "obj_pizzafaceshower", "obj_pizzaface_showerprop", "obj_world5john",
			"obj_peppermanvengeful", "obj_vigilanteunsure", "obj_noisevengeful", "obj_noisewashingmachinetower", "obj_noisettecafe", "obj_snicktower", "obj_finalhallwayface",
			"obj_grannypizzasign", "obj_doornexthub", "obj_stick_target", "obj_stick_forsale", "obj_achievementviewer", "obj_mrmooney", "obj_computer"
		],
		"projectiles": [
			"obj_banditochicken_dynamite", "obj_whoop", "obj_whoophand", "obj_vigilantedynamite", "obj_kentukybomb", "obj_noisebossbomb", "obj_fakepepprojectile", "obj_uziprojectile", "obj_farmerbaddie2_projectile", "obj_pizzice_projectile", "obj_smokingprojectile", "obj_farmerbaddie3_projectile",
			"obj_arcprojectile", "obj_kentukylenny_projectile", "obj_firemouth_projectile", "obj_kentukykenny_projectile", "obj_medievalprojectile",
			"obj_noisegoblin_arrow", 
			"obj_banditochicken_projectile", "obj_ufobullet", "obj_slugbullet", "obj_enemybullet", "obj_rancher_bullet", "obj_pizzaheadbullet", "obj_bazooka", "obj_spitcheesespike", "obj_pizzard_bolt",
			"obj_vigilantecow", "obj_vigilantecrate", "obj_peppermanGIANTbowlingball", "obj_peppermanbowlingball", "obj_gustavo_warmissile", "obj_skateboardnoise", 
			"obj_cheeseblob", "obj_bowlingball", "obj_cheesedragonflames", "obj_banditobomb", "obj_pizzaheadgetout", "obj_pizzahead_cog", "obj_forknight_pizzahead", "obj_pizzaheadminigun"
		],
		"unused": ["obj_tank", "obj_weenie", "obj_johnghost", "obj_sausageeyes", "obj_kentukylenny", "obj_motodude", "obj_cheeserobot", "obj_fakepeppino",
			"obj_balloon", "obj_clownballoon", "obj_skateboard", "obj_invtrash", "obj_cheesemaker",
			"obj_beartrap", "obj_toppinwarrior", "obj_toppinwarriorbutton", "obj_bee", "obj_bigcollectgolf",
			"obj_pizzashield_collectible", "obj_cheesedragon", "obj_junk", "obj_tombstone", "obj_hardmode_ghost", "obj_noisebombspawner", "obj_mach3solid", "obj_mortgrain",
			"obj_fakepeppinospawner", "obj_spiderweb", "obj_fakepeplimb", "obj_fakepeplimb2",
			"obj_secretdestroyable", "obj_johndestructible", "obj_desertdestroyable", "obj_breakabledoor", "obj_generaldestroyable", "obj_glassblock",
			"obj_hotmetalblock", "obj_bigspaceblock", "obj_smallspaceblock", "obj_rollblock", "obj_tomatoblock", "obj_destroyablegolf", "obj_geromeblock", "obj_tutorialtrap",
			"obj_fakesuperspring", "obj_fallingplatform", "obj_bounceplank", "obj_wetfloor",
			"obj_barrelblock", "obj_bombblock", "obj_enemyblock", "obj_cheeseballblock", "obj_gustavodestroyable", "obj_baddiebutton", "obj_baddiegate", "obj_marbleblock",
			"obj_gnomecustomerblockfinal", "obj_gnomecustomerblock", "obj_crashplaneblock", "obj_crashingplane", "obj_dungeonblock", "obj_factoryblock", "obj_warblock", "obj_freezerblock", "obj_motorcycleblock", "obj_fightballblock",
			"obj_noisetrap_rock", "obj_noiserock", "obj_noisehotair", "obj_noisematch", "obj_cheeseboat", "obj_phonebooth", "obj_bigtombstone",
			"obj_lavapot", "obj_solidpillar", "obj_supriseenemy", "obj_supriseenemyarea", "obj_turret", "obj_pizzacustomer", "obj_pizzacutterthwomp1", "obj_pizzacutterthwomp2",
			"obj_washingmachine", "obj_washingmachinemount", "obj_lightlamp", "obj_lampost", "obj_hoop", "obj_warppoint",
			"obj_optiondoor", "obj_confettieffect", "obj_pizzamech", "obj_characterswitch", "obj_timeattack", "obj_policecar", "obj_policebooth"
			
		],
		"boss": [
			"obj_bosskeyspawn", "obj_hppickup",
			"obj_pepperman", "obj_pepper_marblespot", "obj_poweringupeffect", "obj_pepperman_pepportrait", 
			"obj_vigilanteboss", "obj_vigilantespot", "obj_cowspawner", 
			"obj_noiseboss", "obj_micnoise", "obj_noiseyspawner2",
			"obj_fakepepboss", "obj_fakepepsolid", "obj_fakepephallwaystart","obj_fakepepgianthead",
			"obj_pizzafaceboss", "obj_pizzafaceboss_p2", "obj_pizzafaceboss_p3"
		],
		"crash": [
			"obj_golflauncher", "obj_noisesatellite", "obj_stick", "obj_snickexe",
			"obj_spaceshuttle", "obj_spaceshuttlestop", "obj_taxi", "obj_stopsign", 
			"obj_lightsource",  "obj_noiseyspawner", "obj_bosscontroller", "obj_collectgolf",
			"obj_toxicspray", "obj_toxicbutton", "obj_toxicfan", "obj_toxiccloud",
			"obj_arenadoor", "obj_arenagate", "obj_arenaspawn", "obj_arenalimit", "obj_arenaspawnpoint", "obj_arena_pizzaportal", 
			"obj_dialognpc", "obj_fakepepclone", "obj_minecart", "obj_santanoise",  "par_boss", "obj_mrstickboss", "obj_iceblockminiboss", 
			"obj_factorysensor", "obj_graffiticount", "obj_secrettile", "obj_priestangel", "obj_transfotip", "obj_presentbox"
		]
	},
	"order": ["collision", "block", "enemy", "collect", "gizmo", "warp", "progress", "power", "complex", "other", "projectiles", "unused", "hub", "boss", "crash"],
	"respawnOnLap2": ["obj_escapecollect", "obj_escapecollectbig"],
	"overrideDestructionMemory": ["obj_lapportalentrance"],
	"snapToGround": [
		"obj_baddie", "obj_gerome", "obj_exitgustavo", "obj_swordstone", "obj_weeniemount", "obj_barrel", "obj_freemilk", "obj_priest", "obj_crosspriest", "obj_peppinoswitch", "obj_gustavoswitch", "obj_startgate", "obj_hungrypillar",
		"obj_monster", "obj_tutorialbook", "obj_beer", "obj_bigbeer", "obj_tvtrap", "obj_autocanon", "obj_pinballtrap", "obj_taxi", "obj_stopsign", "obj_spaceshuttlestop", "obj_pepperman_pepportrait", "obj_tinyslimedude", "obj_ratprop", 
		"obj_skateboard", "obj_toppinwarriorbutton", "obj_snotty", "obj_exitfollowercollect", "obj_gusbrickchase", "obj_gustbrickfightball", "obj_gusbrickhurt", "obj_gusbrickpocker", 
		"obj_gusbrickhub", "obj_soundtest_gus", "obj_generaldestroyable", "obj_vigilanteunsure", "obj_peppermanvengeful", "obj_noisevengeful", "obj_pigcitizen", "obj_invtrash", "obj_targetguy", "obj_grandma", 
		"obj_pepanimatronicfollow", "obj_alienfollow", "obj_fakepepclone", "obj_car", "obj_stick_target", "obj_stick_forsale", "obj_mrmooney", "obj_snicktower", "obj_wetfloor",
		"obj_slipnslide", "obj_donkey"
	],

	"objectVariables": {
		"all": [
			["visible", ["true", "false"], {
				"noCustom": true
			}],
			["useLayerDepth", ["true", "false"], {
				"display": "layer depth",
				"noCustom": true
			}]
		],
		"|obj_supriseenemy|": [
			"content",
			["trigger", {
				"display": "group id"
			}]
		],
		"|obj_supriseenemyarea|" : [
			["trigger", {
				"display": "group id"
			}]
		],
		"|obj_iceblock_breakable|": [
			["bird", ["true", "false"], {
				"noCustom": true
			}]
		],
		"|obj_golflauncher|": [
			["use_collision", ["true", "false"], {
				"noCustom": true
			}],
			"grav"
        ],
		"|obj_micnoise|" : [
			["target", ["obj_noiseboss"]],
			["sprite_index", ["spr_micnoise", "spr_micnoise2"]],
			"spd"		
		],
		"|obj_pepper_marblespot|": [
			["number", ["8", "9"], {
				"noCustom": true
			}]
		],
		"|obj_finalhallwayface|": [
			["turn", ["true", "false"], {
				"noCustom": true
			}]
		],
		"|obj_achievementviewer|": [
			"sprite_index",
            "achievement",
			"index"
        ],
		"|obj_stick_forsale|": [
            ["gate_sprite", ["spr_gate_pepperman", "spr_gate_vigilante", "spr_gate_noise", "spr_gate_fakepep"]],
			["bgsprite", ["spr_gate_peppermanBG", "spr_gate_vigilanteBG", "spr_gate_noiseBG", "spr_gate_fakepepBG"]],
			["targetRoom", "roomNameList", {"display" : "transition room"}],
			["maxscore", {"display": "cost"}]
        ],
		"|obj_doornexthub|": [
            ["targetRoom", "roomNameList", {"display" : "transition room"}],
			["targetRoom2", "roomNameList", {"display" : "targetRoom"}],
			["targetDoor", ["A", "B", "C", "D", "E", "F", "G"]],
			"key",
			"unlocked"
        ],
		"|obj_collect|": [
			["sprite_index", ["spr_baconcollect", "spr_bananacollect", "spr_snickcollectible1", 
			"spr_halloweencollectibles1", "spr_halloweencollectibles2", "spr_halloweencollectibles3", 
			"spr_halloweencollectibles4", "spr_halloweencollectibles5", "spr_eggcollect", "spr_shrimpcollect", "spr_fishcollect"], 
			{"display" : "skin", "noCustom": false}]
		],
		"|obj_bigcollect|obj_escapecollectbig|obj_pizzasona_spawn|": [
            "value"
        ],
        "|obj_giantcollect|": [
            ["secret", ["true", "false"], {"display" : "last room", "noCustom": true}],
			["sprite_index", ["spr_snickcollectible3"], {"display" : "skin", "noCustom": false}]
        ],
        "|obj_gnomehouse1|obj_gnomehouse2|obj_gnomehouse3|obj_gnomehouse4|obj_gnomehouse5|": [
			"content"
        ],
		"|obj_gusbrickchase|": [
			["sprite_index", ["spr_gustavochase"], {
				"display": "gustavo",
				"noCustom": true
			}]
		],
		"|obj_gusbrickhurt|": [
			["sprite_index", ["spr_gushurt"], {
				"display": "gustavo",
				"noCustom": true
			}]
		],
		"|obj_fallingplatform|": [
			["sprite_index", ["spr_chigaco"], {
				"display": "skin",
				"noCustom": false
			}]
		],
		"|obj_ghostfollow|": [
			"movespeed"
		],
		"|obj_pigcitizen|": [
			["male", ["true", "false"], {
				"noCustom": true
			}]
		],
		"|obj_sausageman|": [
			["whoopass", ["true", "false"], {
				"noCustom": true
			}]
		],
		"|obj_thug_red|obj_smokingpizzaslice|obj_ancho|obj_fencer|obj_pickle|" : [
			["elite", ["true", "false"], {
				"noCustom": true
			}]
		],
		"|obj_swedishmonkey|obj_forknight|" : [
			["elite", ["true", "false"], {
				"noCustom": true
			}]
		],		
		"|obj_autocanon|" : [
			"cooldown",
			"cooldownmax",
		   ["cooldownrandom", ["true", "false"], {"noCustom" : true}]
		],
		"|obj_robotmonster|obj_puppetmonster|obj_hillbillymonster|obj_blobmonster|" : [
			 ["state", ["217", "218", "219"], {"display" : "state", "noCustom" : true}]
		],
		"|obj_pizzaface|" : [
			"maxspeed"
		],
		"|obj_robot|": [
			["chosenstate", ["103", "129", "91", "23"], {
				"display": "attack",
				"noCustom": true
			}]
		],
		"|obj_bigcheese|": [
			"throwspeed"
		],
		"|obj_cheeseslime|": [
			["paletteselect", ["0", "1"], {
				"display": "snotty",
				"noCustom": true
			}],
			["elite", ["true", "false"], {
				"noCustom": true
			}]
		],
		"|obj_minijohn|" : [
			["state", ["189"], {"display" : "underground", "noCustom" : true}],
			["elite", ["true", "false"], {
				"noCustom": true
			}]
        ],
		"|obj_treasureguy|" : [
			["state", ["189"], {"display" : "underground", "noCustom" : true}]
		],
		"|obj_ninja|": [
			["paletteselect", ["0", "1", "2", "3", "4"], {
				"display": "color",
				"noCustom": true
			}]
		],
		"|obj_baddie|": [
			["escape", ["true", "false"], {
				"display": "escape spawn",
				"noCustom": true
			}],
			"grav",
			"movespeed",
			["supertauntable", ["true", "false"], {
				"noCustom": true
			}],
			["destroyable", ["true", "false"], {
				"noCustom": true
			}]
		],
		"|obj_gustavoswitch|obj_peppinoswitch|": [
			["escape", ["true", "false"], {
				"display": "escape spawn",
				"noCustom": true
			}]
		],
		"|obj_baddiespawner|obj_baddiecameraspawner|obj_agressivebaddiespawner|": [
			"content",
			"refresh",
			"grav"
		],
		"|obj_horsey|": [
			["hsp", {
				"display": "hor.speed"
			}],
			["vsp", {
				"display": "vert. speed"
			}]
		],
		"|obj_trash|": [
			["trashbuffer", {
				"display": "initial buffer"
			}]
		],
		"|obj_stringycheese|": [
			"maxhandlen"
		],
		"|obj_movingplatform|": [
			"hmovespeed",
			"vmovespeed"
		],
		"|obj_conveyordespawner|": [
			"objectlist"
		],
		"|obj_conveyorspawner|": [
			"objectlist",
			"delaymax",
			"delay"
		],
		"|obj_startgate|": [
			["levelName", "levelNameList"],
			["sprite_index", "spriteList"],
			["bgsprite", "spriteList"]
		],
		"|obj_startgate_treasure|": [
			["level", "levelNameList"]
		],
		"|obj_treasure|" : [
			"sprite_index",
                        ["image_index", ["0", "1", "2", "3", "4", "5", "6", "7", "8", "9", "10", "11", "12", "13", "14", "15", "16", "17", "18", "19"], {"display" : "sprite", "noCustom" : true}],
                        ["got", ["true", "false"], {"display" : "animation", "noCustom" : true}],
                        ["player", ["true", "false"], {"display" : "get", "noCustom" : true}]
		],
		"|obj_spaceshuttle|obj_lapportal|obj_secretportal|": [
			["targetRoom", "roomNameList"]
		],
		"|obj_taxi|": [
			["targetRoom", "roomNameList"],
			["police", ["true", "false"], {
				"noCustom": true
			}],
			["escape", ["true", "false"], {
				"display": "pizza face",
				"noCustom": true
			}]
		],
		"|obj_boxofpizza|": [
			["targetRoom", "roomNameList"],
			["targetDoor", ["A", "B", "C", "D", "E", "F", "G"]],
			["sprite_index", ["spr_xmaspizzaboxdown"], {"display" : "skin", "noCustom" : true}]
		],
		"|obj_door|": [
			["john", ["true", "false"], {
				"display": "escape blocked",
				"noCustom": true
			}],
			["targetRoom", "roomNameList"],
			["targetDoor", ["A", "B", "C", "D", "E", "F", "G"]]
		],
		"|obj_hallway|obj_verticalhallway|obj_geromedoor|obj_keydoor|": [
			["targetRoom", "roomNameList"],
			["targetDoor", ["A", "B", "C", "D", "E", "F", "G"]]
		],
		"|obj_secretportal|": [
			["secret", ["true", "false"], {
				"display": "secretroom exit",
				"noCustom": true
			}]
		],
		"|obj_banditochicken_dynamite|": [
			"countdown"
		],
		"|obj_vigilantebazooka|obj_ufobullet|": [
			"spd"
		],
		"|obj_lightsource|": [
			"distance"
		],
		"|obj_tubeexitmach|": [
			["approach_spd", {
				"display": "exit speed"
			}]
		],
		"|obj_baddiebutton|obj_baddiegate|obj_toxicbutton|obj_toxicspray|": [
			["trigger", {
				"display": "group id"
			}]
		],
		"|obj_hiddenobjecttrigger|obj_hiddenobject|obj_totem|obj_totemcloud": [
			["trigger", {
				"display": "group id"
			}]
		],
		"|obj_pizzacutter1|": [
			"spinspeed"
		],
		"|obj_superspring|": [
			["sprite_index", ["spr_robotspring", "spr_bottle_idle"], {
				"display": "idle skin",
				"noCustom": true
			}],
			["activatespr", ["1481", "1805"], {
				"display": "active skin",
				"noCustom": true
			}]
		],
		"|obj_cheeseballspawner|": [
			"refresh"
		],
		"|obj_cheeseball|": [
			"movespeed",
			"bouncedestroy"
		],
		"|obj_flush|": [
			["trigger", {
				"display": "group id"
			}],
			"type"
		],
		"|obj_olivebubbledeco|": [
			"len"
		],
		"|obj_grandma|": [
			["changed", ["true", "false"], {
				"display": "scared",
				"noCustom": true
			}]
		],
		"|obj_tutorialtargetblock|": [
			["ID", {
				"display": "target id"
			}]
		],
		"|obj_peppermanGIANTbowlingball|": [
			"fall"
		],
		"|obj_exitgustavo|": [
			["stick", ["true", "false"], {
				"noCustom": true
			}]
		],
		"|obj_toppinwarriorbutton|": [
			"toppinwarrior"
		],
		"|obj_secretblock|obj_secretbigblock|obj_secretmetalblock|": [
			["particlespr", [
				"spr_towerblockdebris", 
				"spr_ruindebris1",
				"spr_ruindebris2",
				"spr_ruindebris3",
				"spr_ruindebris4",
				
				"spr_dungeondebris1",
				
				"spr_badlandsdebris1",
				"spr_badlanddebris2",
				"spr_badlanddebris3",
				
				"spr_graveyarddebris1",
				"spr_graveyarddebris2",
				"spr_graveyarddebris3",
				
				"spr_farmdebris1",
				"spr_farmdebris2",
				
				"spr_saloondebris1",
				"spr_saloondebris2",
				
				"spr_beachdebris",			
				"spr_shipdebris1",
				
				"spr_spacedebris",
				"spr_planetdebris",
				"spr_space3debris",
				
				"spr_plaindebris",
				"spr_forestblockdebris",
				
				"spr_streetdebris",
				"spr_streethousedebris",
				
				"spr_factorydebris",
				"spr_industrialdebris",
				
				"spr_poopdebris",
				"spr_sewerdebris1",
				"spr_sewerdebris2",
				
				"spr_snowblockdebris",
				"spr_icedebris",
				
				"spr_pumpkindebris",
				"spr_bonedebris",

				"spr_storagecratedebris",
				"spr_complexdebris",
				
				"spr_wardebris",
				
				
				"spr_eyedebris",
				"spr_tutorialblockdebris",
				"spr_chocolatedebris",
				"spr_slimedebris",
				"spr_barreldebris",
				"spr_wooddebris",
				"spr_halloweenbigdebris",
				"spr_halloweendebris"

			], {
				"display": "particle"
			}]
		],

		"|obj_deliverypizzabox|obj_nuketerminal|": [
			"minutes",
			"seconds"
		],
		"|obj_teleporter|": [
			["start", ["true", "false"], {
				"display": "entrance",
				"noCustom": true
			}],
			["trigger", {
				"display": "group id"
			}]
		],
		"|obj_teleporter_receptor|": [
			["trigger", {
				"display": "group id"
			}]
		],
		"|objexitgate|": [
			["drop", ["true", "false"], {
				"noCustom": true
			}],
			"drop_y"
		],	
		"|obj_jumpscare|" : [
                        ["monsterid", ["0", "1", "2", "3", "4", "5"], {"display" : "monster", "noCustom" : true}],
                        ["oktoberfest", ["1", "0"], {"display" : "oktoberfest", "noCustom" : true}]
		],
		"|obj_sprite|": [
			["sprite_index", "spriteList"]
		],
		"|obj_pizzaboxunopen|": [
			["content", ["obj_pizzakinshroom", "obj_pizzakincheese", "obj_pizzakintomato", "obj_pizzakinsausage", "obj_pizzakinpineapple"]]
		],
		"|obj_pineapplemonster|": [
			"content"
		],
		"|obj_timedgateclock|": [
			"time_max"
		],
		"|obj_pizzaball|": [
			"hitsPrimoBurg",
			"hitsHotDog",
			"hitsNothing"
		],
		"|obj_tubeenter|": [
			["hsp", [-1, 0, 1], {
				"display": "Hor. enter direction"
			}],
			["vsp", [-1, 0, 1], {
				"display": "Vert. enter direction"
			}]
		],
		"|obj_shotgun|": [
			["activateTimer", ["true", "false"], {
				"noCustom": true
			}]
		],
		"|obj_tutorialbook|": [
			"text"
		],
		"|obj_racestart|": [
			"spd"
		],
		"|obj_ghosthazard|obj_priesthazard|": [
			"len",
			"angle_spd"
		]
	},

	"variableTypes" : {
		"levelName" : "lvl",
		"level" : "lvl",
		"targetRoom" : "room",
		"customSprite" : "spr"
	},				
	
	"questionBlocks": {
		"obj_pizzaboxunopen": "content",
		"obj_baddiespawner": "content",
		"obj_baddiecameraspawner": "content",
		"obj_agressivebaddiespawner": "content"
	}
}